Area_sqft,Bedrooms,Bathrooms,Stories,Parking,City,Age_years,Price_lakhs
1200,2,1,1,1,Delhi,10,60
1500,3,2,2,2,Mumbai,5,85
1100,2,1,1,1,Chennai,15,55
1800,3,2,2,2,Kolkata,8,90
2400,4,3,2,2,Bangalore,3,120
3000,5,4,3,3,Hyderabad,2,160
2100,3,2,2,2,Delhi,6,100
1700,3,2,2,1,Mumbai,7,80
1600,2,1,1,1,Pune,12,75
2000,3,2,2,2,Jaipur,9,95
2200,4,3,2,2,Delhi,4,110
2500,4,3,2,2,Mumbai,3,125
1300,2,1,1,1,Chennai,14,65
1400,2,1,1,1,Pune,11,70
1550,3,2,2,2,Bangalore,6,78
2800,4,3,3,3,Hyderabad,2,140
3100,5,4,3,3,Kolkata,1,165
2600,4,3,2,2,Jaipur,5,130
1900,3,2,2,2,Delhi,8,88
2300,4,3,2,2,Pune,4,115
1250,2,1,1,1,Chennai,13,58
1650,3,2,2,2,Mumbai,8,82
1750,3,2,2,2,Bangalore,7,85
1950,3,2,2,2,Hyderabad,5,92
2050,3,2,2,2,Kolkata,6,98
2150,4,3,2,2,Delhi,5,105
2250,4,3,2,2,Mumbai,4,112
2350,4,3,2,2,Jaipur,6,118
2450,4,3,2,2,Pune,5,122
2550,4,3,2,2,Chennai,4,128
2650,4,3,2,2,Bangalore,3,132
2750,4,3,3,3,Hyderabad,2,138
2850,4,3,3,3,Kolkata,2,142
2950,5,4,3,3,Delhi,1,155
3050,5,4,3,3,Mumbai,1,162
3150,5,4,3,3,Jaipur,1,168
1350,2,1,1,1,Pune,12,62
1450,2,1,1,1,Chennai,11,68
1575,3,2,2,2,Bangalore,7,80
1825,3,2,2,2,Hyderabad,6,87
1925,3,2,2,2,Kolkata,7,91
2025,3,2,2,2,Delhi,6,96
2125,4,3,2,2,Mumbai,5,108
2225,4,3,2,2,Pune,4,114
2325,4,3,2,2,Jaipur,5,120
2425,4,3,2,2,Chennai,4,126
2525,4,3,2,2,Bangalore,3,131
2625,4,3,2,2,Hyderabad,3,135
2725,4,3,3,3,Kolkata,2,139
2825,4,3,3,3,Delhi,2,145
2925,5,4,3,3,Mumbai,1,158
3025,5,4,3,3,Jaipur,1,164
3125,5,4,3,3,Pune,1,170
1275,2,1,1,1,Chennai,14,60
1375,2,1,1,1,Pune,13,64
1475,2,1,1,1,Bangalore,10,66
1675,3,2,2,2,Hyderabad,8,83
1775,3,2,2,2,Kolkata,9,89
1875,3,2,2,2,Delhi,7,94
1975,3,2,2,2,Mumbai,6,99
2075,3,2,2,2,Jaipur,5,104
2175,4,3,2,2,Pune,4,109
2275,4,3,2,2,Chennai,4,113
2375,4,3,2,2,Bangalore,3,117
2475,4,3,2,2,Hyderabad,3,123
2575,4,3,2,2,Kolkata,3,129
2675,4,3,2,2,Delhi,2,134
2775,4,3,3,3,Mumbai,2,141
2875,4,3,3,3,Jaipur,2,148
2975,5,4,3,3,Pune,1,156
3075,5,4,3,3,Chennai,1,163
3175,5,4,3,3,Bangalore,1,172
1280,2,1,1,1,Delhi,15,61
1380,2,1,1,1,Mumbai,12,65
1480,2,1,1,1,Pune,11,67
1680,3,2,2,2,Chennai,9,81
1780,3,2,2,2,Bangalore,8,86
1880,3,2,2,2,Hyderabad,7,90
1980,3,2,2,2,Kolkata,6,95
2080,3,2,2,2,Delhi,5,101
2180,4,3,2,2,Mumbai,4,107
2280,4,3,2,2,Jaipur,4,111
2380,4,3,2,2,Pune,3,116
2480,4,3,2,2,Chennai,3,121
2580,4,3,2,2,Bangalore,3,127
2680,4,3,2,2,Hyderabad,2,133
2780,4,3,3,3,Kolkata,2,140
2880,4,3,3,3,Delhi,2,147
2980,5,4,3,3,Mumbai,1,157
3080,5,4,3,3,Jaipur,1,166
3180,5,4,3,3,Pune,1,175
1290,2,1,1,1,Chennai,13,62
1390,2,1,1,1,Bangalore,12,66
1490,2,1,1,1,Hyderabad,11,69
1690,3,2,2,2,Kolkata,10,84
1790,3,2,2,2,Delhi,8,88
1890,3,2,2,2,Mumbai,7,93
1990,3,2,2,2,Jaipur,6,97
2090,3,2,2,2,Pune,5,102
2190,4,3,2,2,Chennai,4,108
2290,4,3,2,2,Bangalore,4,112
2390,4,3,2,2,Hyderabad,3,119
2490,4,3,2,2,Kolkata,3,124
2590,4,3,2,2,Delhi,2,130
2690,4,3,2,2,Mumbai,2,136
2790,4,3,3,3,Jaipur,2,143
2890,4,3,3,3,Pune,2,150
2990,5,4,3,3,Chennai,1,159
3090,5,4,3,3,Bangalore,1,169
3190,5,4,3,3,Hyderabad,1,178
1210,2,1,1,1,Delhi,14,59
1310,2,1,1,1,Mumbai,13,63
1410,2,1,1,1,Chennai,12,68
1500,4,2,3,1,Jodhpur,18,70
1000,2,1,1,1,Delhi,20,50
1100,2,1,1,1,Mumbai,19,55
1200,2,1,1,1,Chennai,18,60
1300,3,1,1,1,Kolkata,17,65
1400,3,2,1,1,Bangalore,16,70
1500,3,2,2,1,Hyderabad,15,75
1600,3,2,2,2,Pune,14,80
1700,3,2,2,2,Delhi,13,85
1800,4,2,2,2,Mumbai,12,90
1900,4,3,2,2,Chennai,11,95
2000,4,3,2,2,Kolkata,10,100
2100,4,3,3,2,Bangalore,9,105
2200,4,3,3,2,Hyderabad,8,110
2300,5,3,3,3,Pune,7,115
2400,5,4,3,3,Delhi,6,120
2500,5,4,3,3,Mumbai,5,125
2600,5,4,3,3,Chennai,4,130
2700,5,4,3,3,Kolkata,3,135
2800,5,4,3,3,Bangalore,2,140
2900,5,4,3,3,Hyderabad,1,145
3000,5,4,3,3,Pune,0,150
950,1,1,1,0,Delhi,25,42
1000,1,1,1,0,Mumbai,24,45
1050,1,1,1,0,Chennai,23,48
1100,2,1,1,0,Kolkata,22,50
1150,2,1,1,0,Bangalore,21,52
1200,2,1,1,1,Hyderabad,20,55
1250,2,1,1,1,Pune,19,58
1300,2,1,1,1,Delhi,18,60
1350,2,2,1,1,Mumbai,17,62
1400,3,2,1,1,Chennai,16,65
1450,3,2,1,1,Kolkata,15,68
1500,3,2,2,1,Bangalore,14,70
1550,3,2,2,1,Hyderabad,13,72
1600,3,2,2,2,Pune,12,75
1650,3,2,2,2,Delhi,11,78
1700,3,2,2,2,Mumbai,10,80
1750,3,2,2,2,Chennai,9,82
1800,4,3,2,2,Kolkata,8,85
1850,4,3,2,2,Bangalore,7,88
1900,4,3,2,2,Hyderabad,6,90
1950,4,3,3,2,Pune,5,92
2000,4,3,3,2,Delhi,4,95
2050,4,3,3,2,Mumbai,3,98
2100,4,3,3,2,Chennai,2,100
2150,4,4,3,3,Kolkata,1,102
2200,5,4,3,3,Bangalore,0,105
2250,5,4,3,3,Hyderabad,1,108
2300,5,4,3,3,Pune,2,110
2350,5,4,3,3,Delhi,3,112
2400,5,4,3,3,Mumbai,4,115
2450,5,5,3,3,Chennai,5,118
2500,5,5,3,3,Kolkata,6,120
2550,5,5,3,3,Bangalore,7,122
2600,5,5,3,3,Hyderabad,8,125
2650,5,5,3,3,Pune,9,128
2700,5,5,3,3,Delhi,10,130
2750,5,5,3,3,Mumbai,11,132
2800,5,5,3,3,Chennai,12,135
2850,5,5,3,3,Kolkata,13,138
2900,5,5,3,3,Bangalore,14,140
2950,5,5,3,3,Hyderabad,15,142
3000,5,5,3,3,Pune,16,145
3050,5,5,3,3,Delhi,17,148
3100,5,5,3,3,Mumbai,18,150
3150,5,5,3,3,Chennai,19,152
3200,5,5,3,3,Kolkata,20,155
3250,5,5,3,3,Bangalore,21,158
3300,5,5,3,3,Hyderabad,22,160
3350,5,5,3,3,Pune,23,162
3400,5,5,3,3,Delhi,24,165
3450,5,5,3,3,Mumbai,25,168
3500,5,5,3,3,Chennai,26,170
3550,5,5,3,3,Kolkata,27,172
3600,5,5,3,3,Bangalore,28,175
3650,5,5,3,3,Hyderabad,29,178
3700,5,5,3,3,Pune,30,180
3750,5,5,3,3,Delhi,31,182
3800,5,5,3,3,Mumbai,32,185
3850,5,5,3,3,Chennai,33,188
3900,5,5,3,3,Kolkata,34,190
3950,5,5,3,3,Bangalore,35,192
4000,5,5,3,3,Hyderabad,36,195
4050,5,5,3,3,Pune,37,198
4100,5,5,3,3,Delhi,38,200
4150,5,5,3,3,Mumbai,39,202
4200,5,5,3,3,Chennai,40,205
4250,5,5,3,3,Kolkata,41,208
4300,5,5,3,3,Bangalore,42,210
4350,5,5,3,3,Hyderabad,43,212
4400,5,5,3,3,Pune,44,215
4450,5,5,3,3,Delhi,45,218
4500,5,5,3,3,Mumbai,46,220
4550,5,5,3,3,Chennai,47,222
4600,5,5,3,3,Kolkata,48,225
4650,5,5,3,3,Bangalore,49,228
4700,5,5,3,3,Hyderabad,50,230
4750,5,5,3,3,Pune,51,232
4800,5,5,3,3,Delhi,52,235
4850,5,5,3,3,Mumbai,53,238
4900,5,5,3,3,Chennai,54,240
4950,5,5,3,3,Kolkata,55,242
5000,5,5,3,3,Bangalore,56,245
5050,5,5,3,3,Hyderabad,57,248
5100,5,5,3,3,Pune,58,250
5150,5,5,3,3,Delhi,59,252
5200,5,5,3,3,Mumbai,60,255
5250,5,5,3,3,Chennai,61,258
5300,5,5,3,3,Kolkata,62,260
5350,5,5,3,3,Bangalore,63,262
5400,5,5,3,3,Hyderabad,64,265
5450,5,5,3,3,Pune,65,268
5500,5,5,3,3,Delhi,66,270
5550,5,5,3,3,Mumbai,67,272
5600,5,5,3,3,Chennai,68,275
5650,5,5,3,3,Kolkata,69,278
5700,5,5,3,3,Bangalore,70,280
5750,5,5,3,3,Hyderabad,71,282
5800,5,5,3,3,Pune,72,285
5850,5,5,3,3,Delhi,73,288
5900,5,5,3,3,Mumbai,74,290
5950,5,5,3,3,Chennai,75,292
6000,5,5,3,3,Kolkata,76,295
6050,5,5,3,3,Bangalore,77,298
6100,5,5,3,3,Hyderabad,78,300
6150,5,5,3,3,Pune,79,302
6200,5,5,3,3,Delhi,80,305
6250,5,5,3,3,Mumbai,81,308
6300,5,5,3,3,Chennai,82,310
6350,5,5,3,3,Kolkata,83,312
6400,5,5,3,3,Bangalore,84,315
6450,5,5,3,3,Hyderabad,85,318
950,1,1,1,0,Delhi,25,30
1000,1,1,1,0,Mumbai,24,44
1050,1,1,1,0,Chennai,23,49
1100,2,1,1,0,Kolkata,22,53
1150,2,1,1,0,Bangalore,21,51
1200,2,1,1,1,Hyderabad,20,57
1250,2,1,1,1,Pune,19,61
1300,2,1,1,1,Delhi,18,59
1350,2,2,1,1,Mumbai,17,64
1400,3,2,1,1,Chennai,16,70
1450,3,2,1,1,Kolkata,15,67
1500,3,2,2,1,Bangalore,14,75
1550,3,2,2,1,Hyderabad,13,73
1600,3,2,2,2,Pune,12,78
1650,3,2,2,2,Delhi,11,80
1700,3,2,2,2,Mumbai,10,85
1750,3,2,2,2,Chennai,9,83
1800,4,3,2,2,Kolkata,8,90
1850,4,3,2,2,Bangalore,7,92
1900,4,3,2,2,Hyderabad,6,95
1950,4,3,3,2,Pune,5,97
2000,4,3,3,2,Delhi,4,100
2050,4,3,3,2,Mumbai,3,103
2100,4,3,3,2,Chennai,2,107
2150,4,4,3,3,Kolkata,1,108
2200,5,4,3,3,Bangalore,0,115
2250,5,4,3,3,Hyderabad,1,118
2300,5,4,3,3,Pune,2,120
2350,5,4,3,3,Delhi,3,123
2400,5,4,3,3,Mumbai,4,125
2450,5,5,3,3,Chennai,5,130
2500,5,5,3,3,Kolkata,6,128
2550,5,5,3,3,Bangalore,7,135
2600,5,5,3,3,Hyderabad,8,138
2650,5,5,3,3,Pune,9,140
2700,5,5,3,3,Delhi,10,145
2750,5,5,3,3,Mumbai,11,148
2800,5,5,3,3,Chennai,12,150
2850,5,5,3,3,Kolkata,13,153
2900,5,5,3,3,Bangalore,14,155
2950,5,5,3,3,Hyderabad,15,158
3000,5,5,3,3,Pune,16,160
